DROP TABLE items;
CREATE TABLE items (itemid int NOT NULL AUTO_INCREMENT COMMENT '序号', itemname varchar(40) COMMENT '产品名称', brandname varchar(40) COMMENT '品牌', modelnumber varchar(40) COMMENT '型号', specs varchar(40) COMMENT '规格', unitprice decimal(36,6) COMMENT '单价', picture varchar(200) COMMENT '图片', setuppicture varchar(200), remark varchar(200) COMMENT '备注', PRIMARY KEY (itemid)) ENGINE=InnoDB DEFAULT CHARSET=utf8 DEFAULT COLLATE=utf8_general_ci;
INSERT INTO items (itemid, itemname, brandname, modelnumber, specs, unitprice, picture, setuppicture, remark) VALUES (1, null, '连体座便器（定制无标）', 'FB1682', 'L685*W385*H730', 590.000000, '', null, '绿标');
INSERT INTO items (itemid, itemname, brandname, modelnumber, specs, unitprice, picture, setuppicture, remark) VALUES (2, null, '定制半挂盆（定制无标）', 'FN4322', 'L455*W455*H170', 210.000000, '', null, '绿标小盆');
INSERT INTO items (itemid, itemname, brandname, modelnumber, specs, unitprice, picture, setuppicture, remark) VALUES (3, null, '小便斗（定制无标）', 'FN7055', 'L270*W360*H680', 360.000000, '', null, '公区');
INSERT INTO items (itemid, itemname, brandname, modelnumber, specs, unitprice, picture, setuppicture, remark) VALUES (4, null, '小便斗感应器（定制无标）', 'F-203', 'L140*W140', 400.000000, '', null, '公区');
INSERT INTO items (itemid, itemname, brandname, modelnumber, specs, unitprice, picture, setuppicture, remark) VALUES (5, null, '连体座便器（无标）', 'FB16127', 'L710*W420*H700', 620.000000, '', null, '客房/公区，坑距300/400');
INSERT INTO items (itemid, itemname, brandname, modelnumber, specs, unitprice, picture, setuppicture, remark) VALUES (6, null, '定制半嵌台盆（无标）', 'FN4328（单孔）', 'L600*W475*H180', 265.000000, '', null, '金标大盆，台面半嵌盆，适用于卫生间。');
INSERT INTO items (itemid, itemname, brandname, modelnumber, specs, unitprice, picture, setuppicture, remark) VALUES (7, null, '专供半嵌台盆（无标）', 'FN4355（定制无标）', 'L420*W420*H140', 230.000000, '', null, '金标小款半嵌圆盆，适用于卫生间和干湿分离的客房使用。适合台面长度有局限（长度最小600mm）的安装条件');
INSERT INTO items (itemid, itemname, brandname, modelnumber, specs, unitprice, picture, setuppicture, remark) VALUES (8, null, '定制半挂盆（无标）', 'FN4322', 'L455*W455*H170', 230.000000, '', null, '金标小款半挂方盆，适用于卫生间和干湿分离的客房使用。适合台面深度有局限（深度最小380mm）的安装条件');
INSERT INTO items (itemid, itemname, brandname, modelnumber, specs, unitprice, picture, setuppicture, remark) VALUES (9, null, '定制小便斗（无标）', 'FN7055', 'L270*W360*H680', 360.000000, '', null, '公区');
INSERT INTO items (itemid, itemname, brandname, modelnumber, specs, unitprice, picture, setuppicture, remark) VALUES (10, null, '定制小便斗感应器（无标）', 'F-203', 'L140*W140', 400.000000, '', '', '公区');
DROP TABLE offeritems;
CREATE TABLE offeritems (offeritemid int NOT NULL AUTO_INCREMENT COMMENT '序号', offerid int NOT NULL COMMENT '报价序号', itemid int NOT NULL COMMENT '项目序号', itemname varchar(40) COMMENT '项目名称', brandname varchar(40) COMMENT '品牌', modelnumber varchar(40) COMMENT '型号', specs varchar(40) COMMENT '规格', unitprice decimal(36,6) COMMENT '单价', quotedprice decimal(36,6) COMMENT '报价', picture varchar(200) COMMENT '图片', setuppicture varchar(200), remark varchar(200) COMMENT '备注', PRIMARY KEY (offeritemid)) ENGINE=InnoDB DEFAULT CHARSET=utf8 DEFAULT COLLATE=utf8_general_ci;
INSERT INTO offeritems (offeritemid, offerid, itemid, itemname, brandname, modelnumber, specs, unitprice, quotedprice, picture, setuppicture, remark) VALUES (1, 2, 5, '', '连体座便器（无标）', 'FB16127', 'L710*W420*H700', 620.000000, 1.000000, '', '', '客房/公区，坑距300/400');
INSERT INTO offeritems (offeritemid, offerid, itemid, itemname, brandname, modelnumber, specs, unitprice, quotedprice, picture, setuppicture, remark) VALUES (2, 2, 6, '', '定制半嵌台盆（无标）', 'FN4328（单孔）', 'L600*W475*H180', 265.000000, 1.000000, '', '', '金标大盆，台面半嵌盆，适用于卫生间。');
INSERT INTO offeritems (offeritemid, offerid, itemid, itemname, brandname, modelnumber, specs, unitprice, quotedprice, picture, setuppicture, remark) VALUES (3, 2, 7, '', '专供半嵌台盆（无标）', 'FN4355（定制无标）', 'L420*W420*H140', 230.000000, 1.000000, '', '', '金标小款半嵌圆盆，适用于卫生间和干湿分离的客房使用。适合台面长度有局限（长度最小600mm）的安装条件');
INSERT INTO offeritems (offeritemid, offerid, itemid, itemname, brandname, modelnumber, specs, unitprice, quotedprice, picture, setuppicture, remark) VALUES (4, 2, 8, '', '定制半挂盆（无标）', 'FN4322', 'L455*W455*H170', 230.000000, 1.000000, '', '', '金标小款半挂方盆，适用于卫生间和干湿分离的客房使用。适合台面深度有局限（深度最小380mm）的安装条件');
INSERT INTO offeritems (offeritemid, offerid, itemid, itemname, brandname, modelnumber, specs, unitprice, quotedprice, picture, setuppicture, remark) VALUES (5, 2, 9, '', '定制小便斗（无标）', 'FN7055', 'L270*W360*H680', 360.000000, 1.000000, '', '', '公区');
INSERT INTO offeritems (offeritemid, offerid, itemid, itemname, brandname, modelnumber, specs, unitprice, quotedprice, picture, setuppicture, remark) VALUES (6, 2, 10, '', '定制小便斗感应器（无标）', 'F-203', 'L140*W140', 400.000000, 1.000000, '', '', '公区');
DROP TABLE offers;
CREATE TABLE offers (offerid int NOT NULL AUTO_INCREMENT COMMENT '序号', offerno varchar(20) COMMENT '报价编号', inquirer varchar(20) COMMENT '询价人员', amount int COMMENT '数量', contact varchar(20) COMMENT '联系方式', city varchar(20) COMMENT '省份城市', prodid int COMMENT '产品', address varchar(200) COMMENT '联系地址', remark varchar(200) COMMENT '备注', PRIMARY KEY (offerid)) ENGINE=InnoDB DEFAULT CHARSET=utf8 DEFAULT COLLATE=utf8_general_ci;
INSERT INTO offers (offerid, offerno, inquirer, amount, contact, city, prodid, address, remark) VALUES (2, '8-3', '汉川', 100, '', '', -1, '', '');
DROP TABLE packages;
CREATE TABLE packages (packageid int NOT NULL AUTO_INCREMENT COMMENT '序号', prodid int COMMENT '产品名称', itemid int COMMENT '品牌', remark varchar(200) COMMENT '备注', PRIMARY KEY (packageid)) ENGINE=InnoDB DEFAULT CHARSET=utf8 DEFAULT COLLATE=utf8_general_ci;
INSERT INTO packages (packageid, prodid, itemid, remark) VALUES (1, 1, 1, null);
INSERT INTO packages (packageid, prodid, itemid, remark) VALUES (2, 1, 2, null);
INSERT INTO packages (packageid, prodid, itemid, remark) VALUES (3, 1, 3, null);
INSERT INTO packages (packageid, prodid, itemid, remark) VALUES (4, 1, 4, null);
INSERT INTO packages (packageid, prodid, itemid, remark) VALUES (5, 2, 5, null);
INSERT INTO packages (packageid, prodid, itemid, remark) VALUES (6, 2, 6, null);
INSERT INTO packages (packageid, prodid, itemid, remark) VALUES (7, 2, 7, null);
INSERT INTO packages (packageid, prodid, itemid, remark) VALUES (8, 2, 8, null);
INSERT INTO packages (packageid, prodid, itemid, remark) VALUES (9, 2, 9, null);
INSERT INTO packages (packageid, prodid, itemid, remark) VALUES (10, 2, 10, null);
DROP TABLE products;
CREATE TABLE products (prodid int NOT NULL AUTO_INCREMENT COMMENT '序号', prodname varchar(40) COMMENT '产品名称', remark varchar(200) COMMENT '备注', PRIMARY KEY (prodid)) ENGINE=InnoDB DEFAULT CHARSET=utf8 DEFAULT COLLATE=utf8_general_ci;
INSERT INTO products (prodid, prodname, remark) VALUES (1, '商旅绿标', null);
INSERT INTO products (prodid, prodname, remark) VALUES (2, '商旅金标', null);
